id;nombre;ciudad;pais;confianza;precio_noche_propuesto;plazas_propuestas;servicios_propuestos;fuentes;aplicado
0c6ef234-caa8-4b41-bb94-c6b5075a65ad;3000 Campground;;México;alta;12.57;;wc;https://yandex.com/maps/org/3000_campground/122135772027/ https://docs.google.com/forms/d/e/1FAIpQLSc9qL0RkPGTtXZfvDqejmGlz8UM136_-680Ill6I0FXEvyrug/viewform?usp=send_form https://glampings.grandhotelier.com/nuevo-leon/galeana/3000-campground/;SI
ede2cb95-cf40-4b9a-a123-263140fecada;"""La Parcela Del Valle "" ALBERCA Y CAMPING";;México;media;;;;https://www.top-rated.online/cities/Ticul/place/p/4985993/%22La+Parcela+del+Valle%22 https://www.itzimnarealestate.com/es/blog/inversion-parcela-del-valle-terrenos;NO
b39631c7-d2a7-483e-b1f4-c4a743be5cb6;Área autocaravanas Archena;Archena;España;alta;0;30;;https://www.lapaca.org/descripcion-area-de-servicio/area-de-archena https://areascamper.com/ficha/area-de-autocaravanas-en-archena/;SI
a540f32b-137d-4642-9f47-9d8b95eb113c;Área autocaravanas Granja La Carmela;Santomera;España;alta;;25;"agua,electricidad,vaciado_aguas_negras,vaciado_aguas_grises,wifi,duchas,wc,lavanderia,supermercado";https://granjalacarmela.es/ https://granjalacarmela.es/servicios-generales/ https://granjalacarmela.es/precios/;SI
da87b3a8-f8ad-4b42-a271-c2c140829a0a;Área autocaravanas Casas Nuevas;Casas Nuevas;España;alta;0;21;;https://territoriosierraespuna.com/wp-content/uploads/2025/07/Memoria-CETS-ano-2024.pdf https://park4night.com/es/place/375487 https://areascamper.com/ficha/area-autocaravanas-casas-nuevas-mula-murcia/;SI
d1411fa8-d829-4f1d-8130-d3cdbdef9129;Área autocaravanas Caravaca de la Cruz;Caravaca de la Cruz;España;alta;0;20;;https://nueva.turismocaravaca.com/es/zona-autocaravanas https://www.mapafurgocasa.com/area/area-autocaravanas-caravaca-de-la-cruz-caravaca-de-la-cruz https://viajandoconmanuela.com/viajes/caravaca-de-la-cruz-en-autocaravana/;SI
f9bda87c-b5aa-48ce-b188-17a52dc30324;Área autocaravanas Aníbal;Águilas;España;alta;11;;;https://www.anibalestaciondeservicio.com/servicios/motorhomes https://areascamper.com/ficha/area-de-autocaravanas-en-aguilas-anibal/ https://park4night.com/es/place/28654;SI
6f86bf03-ef3b-420e-a238-4e304b14b3c0;Área autocaravanas Los Narejos;Los Alcázares;España;alta;;;;https://www.areanarejos.com/ubicacion/ https://areascamper.com/ficha/area-de-autocaravanas-en-los-narejos/ https://park4night.com/es/place/31520;NO
6a3f1aad-a50b-49e4-85a6-fb0fb0fa5705;Área autocaravanas Maravilla Parking;Cehegín;España;alta;12;10;"agua,electricidad,vaciado_aguas_negras,vaciado_aguas_grises,wifi,duchas,wc,lavanderia";https://park4night.com/en/place/240252 https://www.campercontact.com/es/espana/region-de-murcia/cehegin/102566/maravilla-parking https://www.murcianatural.com/planifica-tu-visita/maravilla-parking-area-de-autocaravanas-caravanas-y-campers/;SI
28abe85a-e2f4-4e7a-8727-730ea7bf22a0;Área autocaravanas Las Torres de Cotillas;Las Torres de Cotillas;España;alta;0;;"agua,restaurante,supermercado";https://www.lastorresdecotillas.es/node/73421 https://www.lastorresdecotillas.es/inaugurada-oficialmente-el-area-para-autocaravanas-de-las-torres-de-cotillas https://www.mapafurgocasa.com/area/area-autocaravanas-las-torres-de-cotillas-las-torres-de-cotillas;SI
65346c05-b83d-4f85-879f-aff17e7e5288;Área autocaravanas Murcia;Murcia;España;alta;0;;;https://park4night.com/en/place/31723 https://www.campercontact.com/nl/spanje/murcia/murcia/61190/area-autocaravanas-murcia https://camperguru.com/es/spot/area-de-autocaravanas-murcia/;SI
8930d824-9805-407a-b8aa-2548c05bea9d;Área autocaravanas Sol Calnegre;Puntas de Calnegre;España;alta;12;100;"agua,electricidad,vaciado_aguas_negras,vaciado_aguas_grises,wifi,duchas,wc,lavanderia,restaurante,zona_mascotas";https://areasolcalnegre.com/ https://areasolcalnegre.com/tarifas/;SI
2d69ead0-94f3-42b5-ae39-9dfcbf5dbf94;Área autocaravanas Yecla;Yecla;España;alta;0;30;"agua,vaciado_aguas_negras,vaciado_aguas_grises";https://turismo.yecla.es/puntos-de-interes/area-de-servicio-de-autocaravanas/;SI
5f2e198a-4ce8-4805-8bfa-4e2f56ac665d;Área autocaravanas Tortuga Mora;Calabardina;España;alta;;40;"agua,electricidad,vaciado_aguas_negras,vaciado_aguas_grises,wifi,duchas,wc,lavanderia,restaurante";https://autocaravanastortugamora.com/ https://autocaravanastortugamora.com/opiniones/ https://areascamper.com/ficha/area-de-autocaravanas-tortuga-mora-en-aguilas/;SI
422f4a32-6cba-4949-98aa-099570ef8e27;Área autocaravanas Puerto Lumbreras;Puerto Lumbreras;España;alta;0;5;"agua,electricidad,vaciado_aguas_negras,vaciado_aguas_grises,restaurante,supermercado";https://www.puertolumbreras.es/ayuntamiento/tag/nuevo-enclave/ https://park4night.com/es/place/389827 https://meinwomo.net/area-camper/espa-a-puerto-lumbreras-2617747.htm;SI
3d462df8-64ff-4f02-b567-0fb1bd886123;Camper Park Cartagena;Cartagena;España;alta;4;37;;https://areascamper.com/ficha/area-de-autocaravanas-en-cartagena-dolores/;SI
d56b218c-072d-44b1-9502-bf389021969a;Área Camper El Moreral;;España;alta;14;;"agua,electricidad,vaciado_aguas_negras,vaciado_aguas_grises,wifi,duchas,wc,lavanderia,restaurante,supermercado";https://www.areacamperelmoreral.com/ https://www.areasac.es/mazarron/murcia/mazarron-el-moreral_8167_1_ap.html https://areascamper.com/ficha/area-autocaravanas-el-moreral-en-mazarron-murcia/;SI
115244d8-da89-49f8-bf1f-56364d0b9aeb;Área Camping Mazarrón;;España;alta;20;130;"agua,electricidad,vaciado_aguas_negras,vaciado_aguas_grises,wifi,duchas,wc,lavanderia";https://areacampingmazarron.com/ https://www.turismoregiondemurcia.es/es/campings/?buscar=si&localidad=mazarron https://areasautocaravanas.com/areas/area-camper-mazarron-murcia/;SI
9b647452-df4c-490c-a7be-baafdd04617b;Área Camper Murcia Río;Murcia;España;alta;;60;"agua,electricidad,vaciado_aguas_negras,vaciado_aguas_grises,wifi,duchas,wc,lavanderia,restaurante,supermercado";https://areacampermurciari.wixsite.com/my-site-1/instalaciones https://areacampermurciari.wixsite.com/my-site-1/servicios https://areacampermurciari.wixsite.com/my-site-1/tarifas;SI
b1bf472a-2f84-49b2-9ed2-d1758664cd6b;Camper Park El Mástil;Cartagena;España;alta;12;;"agua,electricidad,vaciado_aguas_negras,vaciado_aguas_grises,wifi,duchas,wc,lavanderia,supermercado,zona_mascotas";https://elmastilcamperpark.com/servicios/ https://www.areasac.es/el-mastil-camper-park/murcia/la-aljorra_8590_1_ap.html https://park4night.com/es/place/562526;SI
c278ea0c-bdcb-43c8-96c2-2f7c8d62b894;Camper Park Casablanca;Zeneta;España;alta;;;"agua,electricidad,vaciado_aguas_negras,vaciado_aguas_grises,wifi,duchas,wc,lavanderia,restaurante,supermercado";https://campercasablanca.com/ https://campercasablanca.com/inicio-2/ https://areascamper.com/ficha/area-de-autocaravanas-en-zeneta/;SI
472c1e2f-0b59-4c64-b0f0-7cd7ffe53861;Camper Park Huerta de Murcia;Los Ramos;España;alta;;32;"agua,electricidad,vaciado_aguas_negras,vaciado_aguas_grises,wifi,duchas,wc,lavanderia,restaurante,supermercado";https://www.camperparkhuertademurcia.com/inicio https://www.lapaca.org/descripcion-area-de-servicio/camper-park-huerta-de-murcia https://www.areasac.es/los-ramos/murcia/los-ramos_2194_1_ap.html;SI
b8d437f6-b4a5-4cc3-8ac3-8860c238da99;Camper Park Los Olivos;Cartagena;España;alta;;50;"agua,electricidad,vaciado_aguas_negras,vaciado_aguas_grises,wifi,duchas,wc,lavanderia,supermercado";https://www.areasac.es/los-puertos-de-santa-barbara/murcia/los-puertos-de-santa-barbara---cartagena_6947_1_ap.html https://www.stellplatzfuehrer.de/en/rv-parks/lists/all/24936-sp-los-olivos-camper-park?rCH=2 https://plus.park4night.com/es/place/88630;SI
d9d634fd-186c-41cd-9f35-3d50a0467b0e;Camper Park Rey Lobo;Murcia;España;alta;;40;"agua,electricidad,vaciado_aguas_negras,vaciado_aguas_grises,wifi,duchas,wc,lavanderia";https://camperpark-reylobo.es/ https://www.campercontact.com/es/spanje/murcia/cabezo-de-torres/160849/camper-park-rey-lobo https://park4night.com/es/place/583562;SI
1b009bc9-70d5-4148-a354-e32bbd6208f1;Camperstop Sierra Espuña;Diputación de Mortí;España;alta;9;32;"agua,electricidad,vaciado_aguas_negras,vaciado_aguas_grises,wifi,duchas,wc,lavanderia";https://www.areasac.es/area-pernocta-autocaravanas/murcia/totana_2831_1_ap.html https://www.promobil.de/stellplatz/camperstop-sierra-espuna-588f1df7721d54a52815e6cc.html https://areascamper.com/ficha/area-de-autocaravanas-en-totana-camperstop/;SI
731ee72e-25c6-4ec0-91fd-35b6d6528e7d;Camping Playa Parazuelos;Puntas de Calnegre;España;alta;;100;;https://campingplayaparazuelos.com/parcelas/ https://park4night.com/nl/place/469558 https://www.pitchup.com/es/campsites/spain/region-de-murcia/murcia/puntas-de-calnegre/camping-playa-parazuelos/?type=10;SI
c8a83d30-bd1b-40c9-aa7f-ae7c6c9ab03b;CAMPER IN VINEYARDS;Arabí;España;alta;60;4;"agua,electricidad";https://park4night.com/en/place/320958 https://campio.no/es/campsite/casa-de-las-especias https://casagras.com/aviso-legal/;SI
a5d091b8-9435-4779-9825-f39d4b14c18a;Camper park en Alicante Lomas de Balsares;Balsares;España;alta;18;60;"agua,electricidad,vaciado_aguas_negras,vaciado_aguas_grises,wifi,duchas,wc,lavanderia,supermercado,zona_mascotas";https://www.lomasdebalsarescamperpark.com/servicios/ https://park4night.com/es/place/613349 https://www.comunitatvalenciana.com/es/alacant-alicante/elx-elche/alojamientos/campings/lomas-de-balsares;SI
25969aa1-41e5-460a-8d09-1acf06023982;Alannia Guardamar;Guardamar del Segura;España;alta;;213;"agua,electricidad,vaciado_aguas_negras,vaciado_aguas_grises,wifi,duchas,wc,lavanderia,restaurante,supermercado";https://alanniaresorts.com/es/resorts/alannia-guardamar/parcela?wpmp_switcher=desktop https://alanniaresorts.com/es/tarifas-y-planos/alannia-guardamar https://alanniaresorts.com/images/webkit/AG_-_TARIFAS_2026_-_PARCELAS_Y_CABANAS_AG.pdf;SI
ef476bef-0fbf-4fbe-abea-df71408e27bb;Camper Park Fuente Ascoy;Ascoy;España;alta;0;32;"agua,vaciado_aguas_negras,vaciado_aguas_grises,supermercado";https://camperfuenteascoy.com/ https://park4night.com/es/place/654567 https://www.campercontact.com/es/espana/region-de-murcia/cieza/194572/camper-park-fuente-ascoy;SI
86f41fb9-74ec-487d-b9d7-50eb2eb19fb0;Alannia Costa Blanca Resort;Crevillent;España;alta;;1421;"agua,electricidad,vaciado_aguas_negras,vaciado_aguas_grises,wifi,duchas,wc,lavanderia,restaurante,supermercado,zona_mascotas";https://alanniaresorts.com/es/resorts/alannia-costa-blanca/parcelas/ https://alanniaresorts.com/es/resorts/alannia-costa-blanca/instalaciones https://www.comunitatvalenciana.com/es/alacant-alicante/crevillent/alojamientos/campings/alannia-costablanca;SI
20de54d1-62f6-4083-91ce-356c49f8d80b;Camper Park San Fulgencio - Camping;San Fulgencio;España;alta;14;174;"agua,electricidad,vaciado_aguas_negras,vaciado_aguas_grises,wifi,duchas,wc,lavanderia,supermercado";https://www.sanfulpark.com/ https://camperparksanfulgencio.com/es/servicios/ https://www.comunitatvalenciana.com/es/alacant-alicante/san-fulgencio/alojamientos/campings/camper-park-san-fulgencio;SI
9ec2a8c3-57d7-4593-9e3d-011a2d261b70;Camping Alicante Imperium;Villajoyosa;España;alta;;489;"agua,electricidad,vaciado_aguas_negras,vaciado_aguas_grises,wifi,duchas,wc,lavanderia,restaurante,supermercado";https://www.campingalicanteimperium.com/instalaciones/ https://www.campingalicanteimperium.com/parcelas/ https://www.comunitatvalenciana.com/es/alacant-alicante/la-vila-joiosa-villajoyosa/hebergement/campings/alicante-imperium;SI
93c128c5-9b5b-4f70-8c99-7a990ff01edf;CAMPING & RESORT LO MONTE;Torre de la Horadada;España;alta;;789;"agua,electricidad,vaciado_aguas_negras,vaciado_aguas_grises,wifi,duchas,wc,lavanderia,restaurante,supermercado";https://www.campinglomonte.com/tipo-alojamiento/parcelas/ https://www.campinglomonte.com/tarifas/ https://www.campinglomonte.com/wp-content/uploads/2025/01/LOMONTE_FOLLETO_TARIFAS_CAST.pdf;SI
d8dc20f8-a518-4eb2-b8ce-2cdd9883ff8d;Camping Arena Blanca;Benidorm;España;alta;;542;"agua,electricidad,vaciado_aguas_negras,vaciado_aguas_grises,wifi,duchas,wc,lavanderia,restaurante,supermercado";https://www.campingarenablanca.com/ https://www.campingarenablanca.com/wp-content/uploads/2021/03/DECLARACION-AMBIENTAL-2019-CAMPING-ARENA-BLANCA_firmado.pdf https://www.comunitatvalenciana.com/es/alacant-alicante/benidorm/alojamientos/campings/arena-blanca;SI
fb21f4ac-270b-4118-b223-0a1594dd23de;Càmping & Bungalows Vall de Laguar;Campell;España;alta;;65;"agua,electricidad,vaciado_aguas_negras,vaciado_aguas_grises,wifi,duchas,wc,lavanderia,restaurante";https://www.campinglaguar.com/instalaciones https://www.campinglaguar.com/d/9173807891226722 https://park4night.com/en/place/77704;SI
a18429f6-f3d1-4f8c-a685-6fd44dd042d3;Camping Armanello;Benidorm;España;alta;60;641;"agua,electricidad,vaciado_aguas_negras,vaciado_aguas_grises,wifi,duchas,wc,lavanderia,restaurante,supermercado";https://www.campingarmanello.com/alojamientos/parcelas-para-caravanas-y-autocaravanas/ https://www.campingarmanello.com/preguntas-frecuentes/ https://www.campingarmanello.com/instalaciones/;SI
be0bac88-20c1-49fd-8160-9e499b52a9b8;Camping Benigembla;Benichembla;España;alta;24;126;"agua,electricidad,vaciado_aguas_negras,vaciado_aguas_grises,wifi,duchas,wc,lavanderia,restaurante";https://www.campingbenigembla.com/ https://www.comunitatvalenciana.com/es/alacant-alicante/benigembla/alojamientos/campings/benigembla-1 https://park4night.com/es/place/318553;SI
d8ffa9e9-c8a3-4396-b708-2bdd8932b66f;Camping Camino del Sol | Caravaca de la Cruz | Murcia;Caravaca de la Cruz;España;alta;;;"agua,electricidad,vaciado_aguas_grises,wifi,duchas,wc,lavanderia";https://campingcaminodelsol.com/ https://campingcaminodelsol.com/reservar/autocaravanas https://campingcaminodelsol.com/camping-en-murcia/cehegin;SI
56873914-d6d0-40cf-8034-1123176bca68;Camping Benidorm;Benidorm;España;alta;;258;"agua,electricidad,vaciado_aguas_negras,wifi,duchas,wc,lavanderia,restaurante,supermercado";https://www.campingbenidorm.com/alojamiento/ https://www.campingbenidorm.com/instalaciones/ https://www.campingbenidorm.com/condiciones-del-camping/;SI
27d6e91b-ed37-4190-a243-2ffffacb66fd;Camping El Naranjal;Jávea;España;alta;;650;"agua,electricidad,vaciado_aguas_negras,wifi,duchas,wc,restaurante";https://www.campingelnaranjal.com/servicios/ https://www.campingelnaranjal.com/tarifas/ https://www.comunitatvalenciana.com/es/alacant-alicante/xabia-javea/alojamientos/campings/el-naranjal;SI
1acda36e-6d27-4817-bc0f-3ad351317d86;Área autocaravanas Huércal-Overa;Huércal-Overa;España;alta;;15;;https://turismo.huercal-overa.es/autocaravanas/ https://www.areasac.es/huercal-overa/almeria/huercal-overa_3246_1_ap.html;SI
c72fda6d-f0af-44cc-987c-6b86e91f9699;Camping Costa Blanca;El Campello;España;alta;;334;"agua,electricidad,vaciado_aguas_negras,vaciado_aguas_grises,wifi,duchas,wc,lavanderia,restaurante,supermercado,zona_mascotas";https://www.campingcostablanca.com/ https://www.campingcostablanca.com/?page_id=7167 https://www.comunitatvalenciana.com/es/alacant-alicante/el-campello/alojamientos/campings/costa-blanca-1;SI
198778ff-dc26-4905-ba19-23ba2dede5b9;Área autocaravanas Cuevas de Almanzora;Cuevas del Almanzora;España;alta;0;;"agua,vaciado_aguas_negras,vaciado_aguas_grises,zona_mascotas";https://www.turismo.cuevasdelalmanzora.es/pstd/area-de-servicio-de-autocaravanas https://park4night.com/en/place/571989 https://areascamper.com/ficha/area-de-autocaravanas-de-cuevas-de-almanzora-almeria/;SI
80b4a4d6-69a3-46cd-a82c-638b149a45fd;Camping el Torres Villajoyosa;Villajoyosa;España;alta;;390;"agua,electricidad,vaciado_aguas_grises,wifi,duchas,wc,lavanderia,restaurante,supermercado";https://campingeltorres.com/servicios/ https://www.comunitatvalenciana.com/es/alacant-alicante/la-vila-joiosa-villajoyosa/alojamientos/campings/el-torres https://www.turismolavilajoiosa.com/recurso/camping-el-torres/;SI
fb7d34f2-cdd1-473c-b085-2f5c6e71ad5a;CAMPING EL REFUGIO;el Fondó;España;alta;;;"agua,electricidad,wc";https://www.anuarioguia.com/empresa/camping-el-refugio https://mejor.es/%40camping-el-refugio https://www.alpacacamping.de/campsites/26686;SI
41a49440-5188-4114-98bc-9b68b729081a;Área autocaravanas Carpe Diem;Vera;España;alta;12;62;;https://www.vera.es/turismo/index.php?id=222&page=directorio_view&return_url=%2Fturismo%2Findex.php%3Fpage%3Ddonde_alojarse%26page_no%3D4 https://park4night.com/es/place/110568 https://areascamper.com/ficha/area-de-autocaravanas-en-vera-carpe-diem/;SI
08f97ffb-3d25-4edb-8dee-274452b3651d;Camping Fonts del Algar;;España;alta;24;42;"agua,electricidad,vaciado_aguas_negras,vaciado_aguas_grises,duchas,wc,lavanderia,restaurante,supermercado";https://fontsdelalgar.com/ https://www.comunitatvalenciana.com/en/alacant-alicante/callosa-den-sarria/accommodation/campsites/fonts-de-lalgar https://www.lapaca.org/descripcion-area-de-servicio/camperpak-fonts-de-lalgar;SI
2d2c199f-3ccb-4649-a769-2b522f38b4af;Área autocaravanas Almería ;Almería;España;media;0;50;;https://www.stellplatzfuehrer.de/en/rv-parks/lists/all/32621-estacionamiento-municipal-de-caravanas-y-autocaravanas;NO
7ae6f89f-0fca-4b85-9e9c-99ddcf0a86d2;Área autocaravanas Montagón;Abla;España;alta;0;;;https://www.areasac.es/abla/almeria/abla-montagon_3415_1_ap.html https://park4night.com/es/place/19981 https://www.camperonline.it/sosta-camper/aree-di-sosta/spagna/area-camper-montagon/22807;SI
105165b1-b1ef-4cef-bac3-6c3547fabaaa;Camping Florantilles;Torrevieja;España;alta;30;264;"agua,electricidad,vaciado_aguas_negras,vaciado_aguas_grises,wifi,duchas,wc,lavanderia,supermercado";https://www.comunitatvalenciana.com/es/alacant-alicante/torrevieja/alojamientos/campings/florantilles https://park4night.com/es/place/48850;SI
a9f50b68-3b05-4959-987f-2136126ba6c7;Área Autocaravanas Indalo;Cuevas del Almanzora;España;alta;;;"agua,electricidad,vaciado_aguas_negras,vaciado_aguas_grises,wifi,duchas,wc,lavanderia,restaurante,supermercado,zona_mascotas";https://areascamper.com/ficha/area-de-autocaravanas-en-vera-indalo/ https://www.camping-car.com/aires/44407-aire-camping-car-ac-indalo/ https://www.stellplatzfuehrer.de/plaetze/listen/alle/6906-ac-vera;SI
d8f3d8b1-b200-47ab-80de-617716c01dd9;Camping La Fuente;Los Baños de Fortuna;España;alta;;90;"agua,electricidad,vaciado_aguas_negras,vaciado_aguas_grises,wifi,duchas,wc,lavanderia,restaurante,supermercado";https://www.campingfuente.com/camping/ https://www.turismoregiondemurcia.es/es/alojamiento_vacacional/la-fuente-2392/ https://www.vayacamping.cat/camping/fuente;SI
eb986968-ca53-42cc-ab56-bc1920ac1d39;Camping la Paz;Sangonera la Seca;España;alta;;170;"agua,electricidad,vaciado_aguas_negras,vaciado_aguas_grises,wc,lavanderia,restaurante";https://turismoregiondemurcia.es/es/camping/camping-la-paz-2283/ https://turismodemurcia.es/es/alojamiento https://www.vayacamping.net/camping/la-paz-sangonera-la-seca;SI
92361a81-fdd3-49a9-aaec-1dcdc65c5912;Área autocaravanas Puerto Deportivo de Almerimar;El Ejido;España;alta;18;32;"agua,electricidad,vaciado_aguas_negras,vaciado_aguas_grises,duchas,wc,restaurante,supermercado";https://park4night.com/es/place/646837 https://www.areasac.es/almerimar/almeria/almerimar_1571_1_ap.html;SI
1c50b610-fccd-45cb-bfb0-713a75afa4cf;Área autocaravanas Tabernas;Tabernas;España;alta;10;28;;https://park4night.com/es/place/170366;SI
f238c2c8-43e1-418c-a852-dae5fbbc0b96;Camping la Encina;San Javier;España;alta;;190;"agua,electricidad,vaciado_aguas_negras,vaciado_aguas_grises,wifi,duchas,wc,lavanderia,restaurante,supermercado,zona_mascotas";https://www.campingsanjavier.com/parcelas/parcelas-murcia/ https://www.campingsanjavier.com/mapa-instalaciones/ https://www.campingsanjavier.com/inicio-optimizada-para-landing/;SI
c7f7545f-bb05-4ffb-972f-e96f4a853564;Camping La Pedrera;Bigastro;España;alta;;260;"agua,electricidad,vaciado_aguas_negras,vaciado_aguas_grises,wifi,duchas,wc,lavanderia,restaurante,supermercado";https://www.comunitatvalenciana.com/es/alacant-alicante/bigastro/alojamientos/campings/la-pedrera https://campinglapedrera.com/ https://areascamper.com/ficha/area-de-autocaravanas-en-bigastro-alicante/;SI
d2370377-8e59-4e9d-9143-81b715f68138;Cabo de Gata Camper;;España;alta;;50;;https://www.areasac.es/nijar/almeria/nijar-cabo-de-gata_3955_1_ap.html https://www.andalucia.org/listing/%C3%81rea-de-pernocta-cabo-de-gata-camper-park/14049102/ https://areascamper.com/ficha/area-autocaravanas-cabo-de-gata-camper-park/;SI
25b6c14a-188c-4074-830b-80b555bac3c1;Camping La Rafa;Bullas;España;alta;;100;"agua,electricidad,vaciado_aguas_negras,vaciado_aguas_grises,wifi,duchas,wc,lavanderia,restaurante,supermercado";https://www.larafabullas.es/ https://www.campercontact.com/es/espana/region-de-murcia/bullas/96010/camping-la-rafa https://park4night.com/lieu/70724/camping-avec-camping-cars-autoris%C3%A9s/bullas-calle-de-la-rafa/spain/murcia/;SI
32028db6-aa60-4b61-bd8a-2c6110c188bc;Area servicios aguas de Autocaravanas;;España;alta;;1;"vaciado_aguas_negras,vaciado_aguas_grises,wc";https://park4night.com/es/place/440459 https://aparcamiento.directoriogratis.es/area-servicios-aguas-de-autocaravanas/;SI
68679a6f-4881-4c9f-8c6e-e60a13859b3b;Área autocaravanas Vélez-Rubio;Vélez-Rubio;España;alta;0;;"agua,electricidad,vaciado_aguas_negras,vaciado_aguas_grises,wifi,lavanderia,restaurante,supermercado";https://www.areasac.es/velez-rubio/almeria/velez-rubio_1568_1_ap.html https://park4night.com/es/place/19989 https://www.furgovw.org/foro/index.php?topic=330475.0;SI
fd135e76-1e1f-4687-848c-20d60889cdaf;Camping La Puerta;Moratalla;España;alta;16.7;200;"agua,electricidad,vaciado_aguas_negras,vaciado_aguas_grises,wifi,duchas,wc,lavanderia,restaurante,supermercado,zona_mascotas";https://campinglapuerta.com/acampada/ https://www.campercontact.com/en/spain/region-of-murcia/moratalla/155788/camping-la-puerta https://campingnavigator.com/es/campings-espana/murcia/la-puerta;SI
c200a6da-bb81-466f-ba80-f54e111d82d7;Camper Área Cabo de Gata;Almería;España;alta;;;;https://www.cabodegatacamper.com/comodidades-y-servicios https://www.campercontact.com/en/spain/andalusia/nijar/98952/camper-area-cabo-de-gata https://park4night.com/es/place/245723;NO
a6e45983-0664-463d-a9c9-7a2f6f64d034;Camper Park Agua Amarga;Agua Amarga;España;alta;18;35;;https://camperguru.com/es/spot/agua-amarga-camper-park/ https://www.furgovw.org/foro/index.php?topic=349933.0 https://www.lavozdealmeria.com/provincia/236120/todas-areas-pernoctacion-autocaravanas-provincia-almeria.html;SI
2fdaa62a-20eb-4763-bf16-fd5df89069f2;Camping La Quinta Bella (Flordevida);Los Arejos;España;alta;26;30;"agua,electricidad,vaciado_aguas_negras,vaciado_aguas_grises,wifi,duchas,wc,lavanderia,restaurante,supermercado,zona_mascotas";https://quintabella.com/about-us https://quintabella.com/prices https://areasautocaravanas.com/areas/area-en-camping-la-quinta-bella-murcia/;SI
21a84072-d9b2-4545-abd5-19815095bb7d;Camping Las Torres;;España;alta;19.8;220;"agua,electricidad,vaciado_aguas_negras,wifi,duchas,wc,lavanderia,restaurante";https://campinglastorres.com/ https://areascamper.com/ficha/area-de-autocaravanas-en-puerto-de-mazarron-murcia/ https://www.vayacamping.net/campingplatz/las-torres-de;SI
590fada2-1711-4cbb-b9de-c22e58c65cb1;Camper Park El Rancho;Carboneras;España;alta;12;26;;https://www.campercontact.com/en/andalousie/carboneras/47766/camper-park-el-rancho https://park4night.com/es/place/30225 https://tempoparkings.com/parkings/camper-park-el-rancho-carboneras;SI
e2cdd16c-0bfd-46a3-b9fb-d78b33a37310;Camper Park Carboneras;;España;alta;12;;"agua,electricidad,vaciado_aguas_negras,vaciado_aguas_grises,wifi,duchas,wc,lavanderia,supermercado,zona_mascotas";https://www.areasac.es/carboneras/almeria/carboneras-camper-park_7256_1_ap.html https://areascamper.com/ficha/area-de-autocaravanas-en-carboneras-camper-park/ https://park4night.com/es/place/160592;SI
aad4402a-854e-4c85-9202-4d8653e36b53;Camper Park Oasis Al Mar;Vera;España;alta;15;40;;https://www.oasis-al-mar.com/es/oam-es.html https://www.vera.es/turismo/index.php?id=1475&page=directorio_view&return_url=%2Fturismo%2Findex.php%3Fpage%3Ddonde_alojarse%26page_no%3D5 https://park4night.com/es/place/312000;SI
5b78b1b6-be2a-4ae9-9bbf-7e1fe666bd62;Camping La Torreta Benidorm;Benidorm;España;alta;29;764;"agua,electricidad,vaciado_aguas_negras,vaciado_aguas_grises,wifi,duchas,wc,lavanderia,restaurante,zona_mascotas";https://campinglatorreta.com/instalaciones/ https://campinglatorreta.com/parcelas/ https://campinglatorreta.com/wp-content/uploads/2026/05/tarifas-camping-la-torreta-05-2026.pdf;SI
00c8e0a6-3204-4c60-beae-85b6601058dc;wecamp Cabo de Gata;Las Negras;España;alta;;60;"agua,electricidad,vaciado_aguas_negras,vaciado_aguas_grises,wifi,duchas,wc,lavanderia,restaurante,supermercado";https://wecamp.net/destinos/cabo-de-gata https://www.park4night.com/es/place/29949 https://www.campercontact.com/en/spain/andalusia/nijar/64973/wecamp-cabo-de-gata;SI
006e4fe8-b01e-4de5-ab0a-344e1b88033b;Camping los Llanos;;España;alta;;30;"agua,electricidad,vaciado_aguas_negras,vaciado_aguas_grises,wifi,duchas,wc,lavanderia,restaurante,supermercado";https://areascamper.com/ficha/area-camper-camping-los-llanos-en-denia-alicante/ https://www.comunitatvalenciana.com/es/alacant-alicante/denia/alojamientos/campings/los-llanos https://www.pitchup.com/es/campsites/spain/comunidad-valenciana/alicante/denia/camping-los-llanos/;SI
58bd4e5f-29f3-431a-9190-0ceff78ecab4;Camper Park Olivares;Albaricoques;España;alta;12;;"agua,electricidad,vaciado_aguas_negras,vaciado_aguas_grises,wifi,duchas,wc,lavanderia,restaurante,supermercado,zona_mascotas";https://areascamper.com/ficha/area-de-autocaravanas-en-los-albaricoques/ https://www.campcation.com/es/campsite/camper-park-olivares/ https://es.airecampingcar.com/aire_camping_car_gps.php/31187-Camper%20Park%20Olivares;SI
96096237-df5a-428d-bd16-2470fb1917e5;Camping Los Delfines;Isla Plana;España;alta;;141;"agua,electricidad,vaciado_aguas_negras,vaciado_aguas_grises,wifi,duchas,wc,lavanderia,restaurante";https://campinglosdelfines.com/parcelas/ https://www.pincamp.com/campings/camping-los-delfines https://www.vayacamping.net/camping/los-delfines;SI
890c9c73-f029-4802-8c0a-593930fee93e;Camping Los Madriles;Isla Plana;España;alta;;;"agua,electricidad,vaciado_aguas_negras,vaciado_aguas_grises,wifi,duchas,wc,lavanderia,restaurante,supermercado";https://www.campinglosmadriles.es/ https://estaticos.qdq.com/swdata/files/390/390535233/Tarifas.pdf https://www.campercontact.com/en/spain/region-of-murcia/cartagena/19411/camping-los-madriles;SI
bbeab97b-8443-4c24-889c-c4f0ec8d2a7d;Camping Los Pinos;Denia;España;alta;29.5;327;"agua,electricidad,vaciado_aguas_negras,vaciado_aguas_grises,wifi,duchas,wc,lavanderia,supermercado";https://www.lospinosdenia.com/ https://www.campercontact.com/en/spain/la-marina-alta/denia/46976/camping-los-pinos https://www.comunitatvalenciana.com/es/alacant-alicante/denia/alojamientos/campings/denia-los-pinos;SI
64bd5bfb-f6a4-4179-982a-9322c6cdf4ee;Area Camper Ponoig BENIDORM;Polop;España;alta;15;62;;https://www.camperponoig.es/ https://www.campercontact.com/en/spain/la-marina-baixa/polop/163031/area-camper-ponoig https://park4night.com/es/place/638202;SI
4a545e3f-f24c-47ba-bc84-2ddf36d81a49;Camping Mar Menor;Los Alcázares;España;alta;20;;"agua,electricidad,vaciado_aguas_negras,vaciado_aguas_grises,wifi,duchas,wc,restaurante,supermercado";https://www.campingmarmenor.com/tarifa-y-precios https://43e5db9a-c611-4de9-a0ec-fe032e50bebe.filesusr.com/ugd/ee1bdf_a7960f633ada4b30bbf9f29a614d70df.pdf https://www.forodecampistas.com/tarjeta/establecimientos/camping-mar-menor;SI
b5dcae9b-76ea-4185-b885-ecd55f7383aa;Camping Palm - Mar;;España;alta;;559;"electricidad,wifi,duchas,wc,lavanderia,restaurante,supermercado";https://www.campingpalmmar.es/ https://www.comunitatvalenciana.com/es/propuestas-de-viaje/camping-palm-mar https://www.comunitatvalenciana.com/es/alacant-alicante/guardamar-del-segura/alojamientos/campings/palm-mar;SI
2a865242-3a63-4f27-bc0b-627708d95adb;Camping Moraira;Teulada;España;alta;;283;"agua,electricidad,vaciado_aguas_grises,wifi,duchas,wc,lavanderia,restaurante,supermercado";https://www.comunitatvalenciana.com/es/alacant-alicante/teulada-moraira/alojamientos/campings/moraira https://www.park4night.com/es/place/34514 https://www.camping.info/es/camping/camping-moraira;SI
05d1d008-2ca3-4622-8877-9abbbe99b557;Área Natur Playamuchavista;El Campello;España;alta;15;210;;https://www.comunitatvalenciana.com/es/alacant-alicante/el-campello/alojamientos/campings/area-natur-playamuchavista https://areasautocaravanas.com/areas/area-autocaravanas-natur-playamuchavista-alicante/ https://areascamper.com/ficha/area-de-autocaravanas-en-campello-alicante/;SI
25969aa1-41e5-460a-8d09-1acf06023982;Alannia Guardamar;Guardamar del Segura;España;alta;30.2;;;https://alanniaresorts.com/es/tarifas-y-planos/alannia-guardamar https://www.pitchup.com/es/campsites/spain/comunidad-valenciana/alicante/guardamar_del_segura/marjal_guardamar/;SI
86f41fb9-74ec-487d-b9d7-50eb2eb19fb0;Alannia Costa Blanca Resort;Crevillent;España;alta;;;;https://alanniaresorts.com/images/webkit/ACB_-_TARIFAS_2026_-_PARCELAS_Y_CABANAS_ACB.pdf https://alanniaresorts.com/es/resorts/alannia-costa-blanca/parcelas// https://mundocampista.com/camping/costa-blanca/;NO
67233f4b-9dbd-4228-a871-9646ea67fede;Camping Playa de Mazarrón;Mazarrón;España;alta;;460;"agua,electricidad,vaciado_aguas_negras,vaciado_aguas_grises,wifi,duchas,wc,lavanderia,restaurante,supermercado";https://www.playamazarron.com/parcelas/ https://www.playamazarron.com/servicios/ https://www.camping.info/es/camping/camping-playa-de-mazarron;SI
dbaa21c5-a6ce-4668-97be-56cfd79b5d67;Camper Area 7;El Campello;España;alta;15;150;"agua,electricidad,vaciado_aguas_negras,vaciado_aguas_grises,wifi,duchas,wc,lavanderia,restaurante,supermercado,zona_mascotas";https://www.camperarea7.com/ https://www.camperarea7.com/reservar-en-area-7/?c=cam2-49-1 https://www.comunitatvalenciana.com/es/alacant-alicante/el-campello/alojamientos/campings/camper-area-7;SI
bb29caeb-1bda-4cf5-8373-85ac382339bf;Camper Área Caravaning;Elche;España;alta;10;35;;https://www.campercontact.com/en/spain/el-baix-vinalopo/elx-elche/107875/camper-area-caravaning https://areasautocaravanas.com/en/areas/area-autocaravanas-caravaning-la-marina-elche-alicante/ https://www.stellplatzfuehrer.de/en/rv-parks/lists/all/33986-camper-area-caravaning?rCH=2;SI
4cd30385-4040-4cf1-badc-ed9a26acea97;Camper Área Campello Beach;El Campello;España;alta;16;120;;https://www.camperareacampellobeach.com/tarifas/ https://www.camperareacampellobeach.com/nuestros-servicios/ https://www.comunitatvalenciana.com/es/alacant-alicante/el-campello/alojamientos/campings/camper-area-campello-beach;SI
fb21f4ac-270b-4118-b223-0a1594dd23de;Càmping & Bungalows Vall de Laguar;Campell;España;alta;17;;;https://www.campinglaguar.com/tarifas https://www.campinglaguar.com/d/9173807891226722;SI
5a689f34-be9a-47a4-8b6a-857ca183a55c;Camper Park El Pinet Playa;la Marina;España;alta;;;;https://park4night.com/es/place/90875 https://www.searchforsites.co.uk/marker.php?id=33363 https://www.turisme.gva.es/opencms/opencms/turisme/es/contents/buscador/resultCampings.html?tam=grande;NO
93c128c5-9b5b-4f70-8c99-7a990ff01edf;CAMPING & RESORT LO MONTE;Torre de la Horadada;España;alta;;;;https://www.campinglomonte.com/tarifas/ https://www.campinglomonte.com/wp-content/uploads/2025/01/LOMONTE_FOLLETO_TARIFAS_CAST.pdf;NO
e97a2804-4162-4c24-978c-5f7915494cbb;Camping San Javier;San Javier;España;alta;;190;"agua,electricidad,vaciado_aguas_negras,vaciado_aguas_grises,wifi,duchas,wc,lavanderia,restaurante";https://www.campingsanjavier.com/ https://www.park4night.com/en/place/193687 https://www.campingsanjavier.com/inicio-optimizada-para-landing/;SI
74e95f0e-c516-4013-97d9-1d9483b27b0a;Camping Puig Campana;Finestrat;España;alta;25;155;"agua,electricidad,vaciado_aguas_negras,wifi,duchas,wc,lavanderia,restaurante,supermercado";https://www.campingpuigcampana.com/ https://www.campingpuigcampana.com/tarifas/ https://www.comunitatvalenciana.com/es/alacant-alicante/finestrat/alojamientos/campings/puig-campana;SI
89b29cee-2a43-4704-a0aa-2f9772100db7;Camping Playa Paraiso;Villajoyosa;España;alta;28;258;"agua,electricidad,vaciado_aguas_negras,vaciado_aguas_grises,wifi,duchas,wc,lavanderia,restaurante,supermercado";https://campingplayaparaiso.com/camping/ https://park4night.com/es/place/57398 https://www.comunitatvalenciana.com/es/alacant-alicante/la-vila-joiosa-villajoyosa/alojamientos/campings/playa-paraiso;SI
9ec2a8c3-57d7-4593-9e3d-011a2d261b70;Camping Alicante Imperium;Villajoyosa;España;alta;31.4;;;https://www.campercontact.com/en/valencian-community/villajoyosa/54472/imperium-camping-alicante https://mundocampista.com/camping/camping-alicante-imperium/ https://www.campingalicanteimperium.com/contacto/;SI
c72fda6d-f0af-44cc-987c-6b86e91f9699;Camping Costa Blanca;El Campello;España;alta;;;;https://www.campingcostablanca.com/?page_id=7167;NO
b02bdecb-e87e-4561-bbff-754e53813a95;Camping Totana;Totana;España;alta;30;435;"electricidad,wifi,lavanderia,restaurante";https://campingtotanapark.com/tarifas/ https://campingtotanapark.com/alojamientos/ https://campingtotanapark.com/;SI
d8dc20f8-a518-4eb2-b8ce-2cdd9883ff8d;Camping Arena Blanca;Benidorm;España;alta;;;;https://mundocampista.com/camping/camping-arena-blanca/ https://campingnavigator.com/es/campings-espana/valencia/arena-blanca;NO
2e348bda-4935-43ff-be46-786a84e0083e;Camping Sierra Espuña;El Berro;España;alta;19;47;"agua,electricidad,vaciado_aguas_negras,vaciado_aguas_grises,wifi,duchas,wc,lavanderia,restaurante,supermercado";https://campingsierraespuna.com/precios/ https://www.park4night.com/es/place/31436 https://www.campercontact.com/de/spanien/murcia/alhama-de-murcia/62327/camping-sierra-espuna;SI
27d6e91b-ed37-4190-a243-2ffffacb66fd;Camping El Naranjal;Jávea;España;alta;;;;https://www.campingelnaranjal.com/tarifas/ https://www.campingelnaranjal.com/wp-content/uploads/2026/04/tarifas_parcela_descargar_1_26.pdf;NO
56873914-d6d0-40cf-8034-1123176bca68;Camping Benidorm;Benidorm;España;alta;;;;https://www.campingbenidorm.com/parcelas/ https://www.campingbenidorm.com/wp-content/uploads/2025/12/esp.jpg https://www.campingbenidorm.com/alojamiento/;NO
10adf34e-86d2-49c0-80b1-1e23d4c3bd1d;Camping Villasol;Benidorm;España;alta;;;"agua,electricidad,vaciado_aguas_negras,vaciado_aguas_grises,wifi,duchas,wc,lavanderia,restaurante,supermercado";https://www.comunitatvalenciana.com/es/alacant-alicante/benidorm/alojamientos/campings/villasol https://park4night.com/es/place/91100;SI
80b4a4d6-69a3-46cd-a82c-638b149a45fd;Camping el Torres Villajoyosa;Villajoyosa;España;alta;;;;https://campingeltorres.com/wp-content/uploads/2024/01/tarifas-2024-CAMPING-EL-TORRES-EN.pdf https://campingeltorres.com/vuelven-los-pack-fin-de-semana-al-camping-el-torres/;NO
e5e09c80-e879-41b6-bd04-01764f5fc053;Kampaoh Costa Blanca;Torre de la Horadada;España;alta;;;"agua,electricidad,vaciado_aguas_negras,vaciado_aguas_grises,wifi,duchas,wc,lavanderia,restaurante,supermercado,zona_mascotas";https://es.kampaoh.com/alicante-costa-blanca-torre-horadada/ https://www.comunitatvalenciana.com/va/alacant-alicante/pilar-de-la-horadada/allotjaments/campings/lo-monte-1 https://www.pitchup.com/campsites/spain/comunidad-valenciana/alicante/torre-de-la-horadada/kampaoh-costa-blanca/;SI
184b02ee-7e68-4bd0-b782-9b796abe2b4e;Kampaoh Crevillent;Crevillent;España;alta;;;"agua,electricidad,vaciado_aguas_negras,vaciado_aguas_grises,wifi,duchas,wc,lavanderia,restaurante,supermercado,zona_mascotas";https://es.kampaoh.com/camping-en-crevillente-kampaoh-alannia-costa-blanca/ https://www.comunitatvalenciana.com/es/alacant-alicante/crevillent/alojamientos/campings/alannia-costablanca https://alanniaresorts.com/es/resorts/alannia-costa-blanca/;SI
c7f7545f-bb05-4ffb-972f-e96f4a853564;Camping La Pedrera;Bigastro;España;alta;21;;;https://campinglapedrera.com/parcelas/ https://areascamper.com/ficha/area-de-autocaravanas-en-bigastro-alicante/ https://www.campings-bungalows.com/Alicante/Bigastro/Camping-La-Pedrera.htm;SI
fb7d34f2-cdd1-473c-b085-2f5c6e71ad5a;CAMPING EL REFUGIO;el Fondó;España;alta;;;;https://www.anuarioguia.com/empresa/camping-el-refugio https://www.alpacacamping.de/campsites/26686 https://mejor.es/@camping-el-refugio/;NO
006e4fe8-b01e-4de5-ab0a-344e1b88033b;Camping los Llanos;;España;alta;12;;;https://www.campinguia.com/campings/alicante/camping-los-llanos/ https://losllanos.net/;SI
bbeab97b-8443-4c24-889c-c4f0ec8d2a7d;Camping Los Pinos;Denia;España;alta;29.5;327;"agua,electricidad,vaciado_aguas_negras,vaciado_aguas_grises,wifi,duchas,wc,lavanderia,supermercado";https://www.lospinosdenia.com/ https://www.comunitatvalenciana.com/es/alacant-alicante/denia/alojamientos/campings/denia-los-pinos https://www.campercontact.com/en/spain/la-marina-alta/denia/46976/camping-los-pinos;SI
56932ba3-4a18-4f3c-9f63-0539110f328d;Las Palmeras Camping Crevillente;Crevillent;España;alta;17;198;"agua,electricidad,vaciado_aguas_negras,vaciado_aguas_grises,wifi,duchas,wc,lavanderia,restaurante,supermercado,zona_mascotas";https://www.comunitatvalenciana.com/es/alacant-alicante/crevillent/alojamientos/campings/las-palmeras-resort https://www.pitchup.com/es/campsites/spain/comunidad-valenciana/alicante/crevillent/camping-internacional-las-palmeras/?pitchtype=4871 https://laspalmerasresort.com/parcelas-las-palmeras-crevillente/;SI
1be483c5-cdbc-4af2-9130-830bfc2010e9;Nomading Camp Alicante;Las Virtudes;España;alta;;32;"wifi,duchas,wc,lavanderia,restaurante";https://www.comunitatvalenciana.com/es/alacant-alicante/villena/alojamientos/campings/nomading-camp-alicante https://www.pincamp.com/campings/nomading-camp-alicante https://www.nomadingcamp.com/hotel-burbuja-alicante/;SI
2a865242-3a63-4f27-bc0b-627708d95adb;Camping Moraira;Teulada;España;alta;;283;"agua,electricidad,vaciado_aguas_negras,vaciado_aguas_grises,wifi,duchas,wc,lavanderia";https://www.comunitatvalenciana.com/es/alacant-alicante/teulada-moraira/alojamientos/campings/moraira https://www.park4night.com/es/place/34514;SI
89b29cee-2a43-4704-a0aa-2f9772100db7;Camping Playa Paraiso;Villajoyosa;España;alta;;84;"agua,electricidad,vaciado_aguas_negras,vaciado_aguas_grises,duchas,wc,lavanderia,restaurante,supermercado";https://www.comunitatvalenciana.com/es/alacant-alicante/la-vila-joiosa-villajoyosa/alojamientos/campings/playa-paraiso https://campingplayaparaiso.com/parcelas/ https://park4night.com/es/place/57398;SI
74e95f0e-c516-4013-97d9-1d9483b27b0a;Camping Puig Campana;Finestrat;España;alta;25;155;"agua,electricidad,vaciado_aguas_negras,vaciado_aguas_grises,wifi,duchas,wc,lavanderia,supermercado";https://www.campingpuigcampana.com/ https://www.campingpuigcampana.com/tarifas/ https://www.campingpuigcampana.com/el-camping/;SI
f5fd9e0c-d0d8-4588-b6e5-b0351e355e3b;Me - Ca Camping;Los Geraneos;España;alta;;202;"agua,duchas,wc";https://mecacampingaguilas.es/ https://mecacampingaguilas.es/parcelas/ https://mecacampingaguilas.es/servicios/;SI
392018cd-9e47-4ae9-8b09-bbefe844ba72;Nuevo Camping Los Viveros;Calasparra;España;alta;20;60;"agua,electricidad,vaciado_aguas_negras,vaciado_aguas_grises,wifi,duchas,wc,lavanderia,supermercado";https://campinglosviveros.net/?page_id=270 https://campinglosviveros.net/wp-content/uploads/2025/01/REGLAMENTO-CAMPING.pdf https://park4night.com/es/place/273883;SI
b5dcae9b-76ea-4185-b885-ecd55f7383aa;Camping Palm - Mar;;España;alta;17.5;;"agua,electricidad,vaciado_aguas_negras,vaciado_aguas_grises,wifi,duchas,wc,lavanderia,restaurante,supermercado";https://www.campingpalmmar.es/ https://www.campingpalmmar.es/precios/ https://www.comunitatvalenciana.com/es/propuestas-de-viaje/camping-palm-mar;SI
10adf34e-86d2-49c0-80b1-1e23d4c3bd1d;Camping Villasol;Benidorm;España;alta;;332;"agua,electricidad,vaciado_aguas_negras,vaciado_aguas_grises,wifi,duchas,wc,lavanderia,restaurante,supermercado";https://www.comunitatvalenciana.com/es/alacant-alicante/benidorm/alojamientos/campings/villasol https://park4night.com/es/place/91100 https://mundocampista.com/camping/camping-villasol/;SI
a14d2008-a7c1-463a-9663-a9464646d9cd;TAIGA Costa Cálida;El Portús;España;alta;34.5;185;"agua,electricidad,vaciado_aguas_grises,wifi,duchas,wc,lavanderia,restaurante,supermercado";https://www.taigaresorts.com/taiga-costa-calida.html https://www.pitchup.com/es/campsites/spain/region-de-murcia/murcia/cartagena/camping-el-portus/?type=10 https://www.park4night.com/es/place/622844;SI
56932ba3-4a18-4f3c-9f63-0539110f328d;Las Palmeras Camping Crevillente;Crevillent;España;alta;17;198;"agua,electricidad,vaciado_aguas_negras,vaciado_aguas_grises,wifi,duchas,wc,lavanderia,restaurante,supermercado";https://www.comunitatvalenciana.com/es/alacant-alicante/crevillent/alojamientos/campings/las-palmeras-resort https://www.pitchup.com/es/campsites/spain/comunidad-valenciana/alicante/crevillent/camping-internacional-las-palmeras/?pitchtype=4871 https://laspalmerasresort.com/;SI
184b02ee-7e68-4bd0-b782-9b796abe2b4e;Kampaoh Crevillent;Crevillent;España;alta;;;"agua,electricidad,vaciado_aguas_negras,vaciado_aguas_grises,wifi,duchas,wc,lavanderia,restaurante,supermercado,zona_mascotas";https://es.kampaoh.com/camping-en-crevillente-kampaoh-alannia-costa-blanca/ https://alanniaresorts.com/es/resorts/alannia-costa-blanca/parcelas// https://www.comunitatvalenciana.com/es/alacant-alicante/crevillent/alojamientos/campings/alannia-costablanca;SI
1be483c5-cdbc-4af2-9130-830bfc2010e9;Nomading Camp Alicante;Las Virtudes;España;alta;;83;"agua,wifi,duchas,wc,lavanderia";https://www.comunitatvalenciana.com/es/alacant-alicante/villena/alojamientos/campings/nomading-camp-alicante https://www.pincamp.com/campings/nomading-camp-alicante https://www.nomadingcamp.com/hotel-burbuja-alicante/;SI
e5e09c80-e879-41b6-bd04-01764f5fc053;Kampaoh Costa Blanca;Torre de la Horadada;España;alta;;;"agua,electricidad,vaciado_aguas_negras,vaciado_aguas_grises,wifi,duchas,wc,lavanderia,restaurante,supermercado,zona_mascotas";https://es.kampaoh.com/alicante-costa-blanca-torre-horadada/ https://www.campinglomonte.com/ https://www.campinglomonte.com/servicios/;SI
